Brand,CONDENSER,Coil/Air Handler,FURNACE,AHRI #,Size,SEER2,HSPF2,Finance (Buy-Down),25C Tax Credit
RUUD,RA13NY18AJ1NALHP,RCFY2417STANMC,R962V0403A17M4SCAP,214785341,18000 BTU,13.4,,Yes - Furn w/Econet,No
RUUD,RA13NY18AJ1NALHP,RCFY2417STANMC,R962V0603A17M4SCAP,214785337,18000 BTU,13.4,,Yes - Furn w/Econet,No
RUUD,RA13NY18AJ1NALHP,RCFY2417STANMC,R962V0703A17M4SCAP,214785338,18000 BTU,13.4,,Yes - Furn w/Econet,No
RUUD,RA13NY24AJ1NALHP,RCFY2417STANMC,R962V0403A17M4SCAP,214793266,24000 BTU,13.4,,Yes - Furn w/Econet,No
RUUD,RA13NY24AJ1NALHP,RCFY2417STANMC,R962V0603A17M4SCAP,214793139,24000 BTU,13.4,,Yes - Furn w/Econet,No
RUUD,RA13NY24AJ1NALHP,RCFY2417STANMC,R962V0703A17M4SCAP,214793280,24000 BTU,13.4,,Yes - Furn w/Econet,No
RUUD,RA13NY30AJ1NALHP,RCFY2417STANMC,R962V0403A17M4SCAP,214786953,30000 BTU,13.4,,Yes - Furn w/Econet,No
RUUD,RA13NY30AJ1NALHP,RCFY2417STANMC,R962V0603A17M4SCAP,214786446,30000 BTU,13.4,,Yes - Furn w/Econet,No
RUUD,RA13NY30AJ1NALHP,RCFY2417STANMC,R962V0703A17M4SCAP,214786797,30000 BTU,13.4,,Yes - Furn w/Econet,No
RUUD,RA13NY30AJ1NALHP,RCFY3617STANMC,R962V0403A17M4SCAP,214786242,30000 BTU,13.4,,Yes - Furn w/Econet,No
RUUD,RA13NY30AJ1NALHP,RCFY3617STANMC,R962V0603A17M4SCAP,214786848,30000 BTU,13.4,,Yes - Furn w/Econet,No
RUUD,RA13NY30AJ1NALHP,RCFY3617STANMC,R962V0703A17M4SCAP,214786318,30000 BTU,13.4,,Yes - Furn w/Econet,No
RUUD,RA13NY30AJ1NALHP,RCFY3621STANMC,R962V0705A21M4SCAP,214786585,30000 BTU,13.4,,Yes - Furn w/Econet,No
RUUD,RA13NY30AJ1NALHP,RCFY3621STANMC,R962V0855A21M4SCAP,214786376,30000 BTU,13.4,,Yes - Furn w/Econet,No
RUUD,RA13NY30AJ1NALHP,RCFY3621STANMC,R962V1005A21M4SCAP,214786187,30000 BTU,13.4,,Yes - Furn w/Econet,No
RUUD,RA13NY36AJ1NALHP,RCFY3617STANMC,R962V0403A17M4SCAP,216721214,36000 BTU,13.4,,Yes - Furn w/Econet,No
RUUD,RA13NY36AJ1NALHP,RCFY3617STANMC,R962V0603A17M4SCAP,214793623,36000 BTU,13.4,,Yes - Furn w/Econet,No
RUUD,RA13NY36AJ1NALHP,RCFY3617STANMC,R962V0703A17M4SCAP,214793332,36000 BTU,13.4,,Yes - Furn w/Econet,No
RUUD,RA13NY36AJ1NALHP,RCFY3621STANMC,R962V0703A17M4SCAP,214793397,36000 BTU,13.4,,Yes - Furn w/Econet,No
RUUD,RA13NY36AJ1NALHP,RCFY3621STANMC,R962V0855A21M4SCAP,214793636,36000 BTU,13.4,,Yes - Furn w/Econet,No
RUUD,RA13NY36AJ1NALHP,RCFY3621STANMC,R962V1005A21M4SCAP,214793491,36000 BTU,13.4,,Yes - Furn w/Econet,No
RUUD,RA13NY42AJ1NALHP,RCFY3621STANMC,R962V0705A21M4SCAP,214790266,42000 BTU,13.4,,Yes - Furn w/Econet,No
RUUD,RA13NY42AJ1NALHP,RCFY3621STANMC,R962V1005A21M4SCAP,214790343,42000 BTU,13.4,,Yes - Furn w/Econet,No
RUUD,RA13NY42AJ1NALHP,RCFY4821STANMC,R962V0705A21M4SCAP,214795095,42000 BTU,13.4,,Yes - Furn w/Econet,No
RUUD,RA13NY42AJ1NALHP,RCFY4821STANMC,R962V0855A21M4SCAP,214795091,42000 BTU,13.4,,Yes - Furn w/Econet,No
RUUD,RA13NY42AJ1NALHP,RCFY4821STANMC,R962V1005A21M4SCAP,214795052,42000 BTU,13.4,,Yes - Furn w/Econet,No
RUUD,RA13NY42AJ1NALHP,RCFY4824STANMC,R962V1155A24M4SCAP,214795815,42000 BTU,13.4,,Yes - Furn w/Econet,No
RUUD,RA13NY48AJ1NALHP,RCFY4821STANMC,R962V0705A21M4SCAP,214788541,48000 BTU,13.4,,Yes - Furn w/Econet,No
RUUD,RA13NY48AJ1NALHP,RCFY4821STANMC,R962V0855A21M4SCAP,214788558,48000 BTU,13.4,,Yes - Furn w/Econet,No
RUUD,RA13NY48AJ1NALHP,RCFY4821STANMC,R962V1005A21M4SCAP,214788821,48000 BTU,13.4,,Yes - Furn w/Econet,No
RUUD,RA13NY48AJ1NALHP,RCFY4824STANMC,R962V1155A24M4SCAP,214789034,48000 BTU,13.4,,Yes - Furn w/Econet,No
RUUD,RA13NY60AJ1NALHP,RCFY6024STANMC,R962V1005A21M4SCAP,214787825,60000 BTU,13.4,,Yes - Furn w/Econet,No
RUUD,RA13NY60AJ1NALHP,RCFY6024STANMC,R962V1155A24M4SCAP,214787875,60000 BTU,13.4,,Yes - Furn w/Econet,No
RUUD,RA14AY18AJ1NALHP,RCFY2417STANMC,R962V0403A17M4SCAP,215226428,18000 BTU,14.8,,Yes - Furn w/Econet,No
RUUD,RA14AY18AJ1NALHP,RCFY2417STANMC,R962V0603A17M4SCAP,215226561,18000 BTU,14.8,,Yes - Furn w/Econet,No
RUUD,RA14AY18AJ1NALHP,RCFY2417STANMC,R962V0703A17M4SCAP,215226520,18000 BTU,14.8,,Yes - Furn w/Econet,No
RUUD,RA14AY30AJ1NALHP,RCFY3617STANMC,R962V0403A17M4SCAP,215228641,30000 BTU,14.3,,Yes - Furn w/Econet,No
RUUD,RA14AY30AJ1NALHP,RCFY3617STANMC,R962V0603A17M4SCAP,215228666,30000 BTU,14.3,,Yes - Furn w/Econet,No
RUUD,RA14AY30AJ1NALHP,RCFY3617STANMC,R962V0703A17M4SCAP,215228725,30000 BTU,14.3,,Yes - Furn w/Econet,No
RUUD,RA14AY30AJ1NALHP,RCFY3621STANMC,R962V0705A21M4SCAP,215229031,30000 BTU,14.8,,Yes - Furn w/Econet,No
RUUD,RA14AY30AJ1NALHP,RCFY3621STANMC,R962V0855A21M4SCAP,215228727,30000 BTU,14.3,,Yes - Furn w/Econet,No
RUUD,RA14AY30AJ1NALHP,RCFY3621STANMC,R962V1005A21M4SCAP,215228617,30000 BTU,14.8,,Yes - Furn w/Econet,No
RUUD,RA14AY36AJ1NALHP,RCFY3617STANMC,R962V0403A17M4SCAP,215231387,36000 BTU,14.3,,Yes - Furn w/Econet,No
RUUD,RA14AY36AJ1NALHP,RCFY3617STANMC,R962V0603A17M4SCAP,215231324,36000 BTU,14.8,,Yes - Furn w/Econet,No
RUUD,RA14AY36AJ1NALHP,RCFY3617STANMC,R962V0703A17M4SCAP,215231337,36000 BTU,15.2,,Yes - Furn w/Econet,No
RUUD,RA14AY36AJ1NALHP,RCFY3621STANMC,R962V0705A21M4SCAP,215231408,36000 BTU,14.8,,Yes - Furn w/Econet,No
RUUD,RA14AY36AJ1NALHP,RCFY3621STANMC,R962V1005A21M4SCAP,216721273,36000 BTU,14.8,,Yes - Furn w/Econet,No
RUUD,RA14AY42AJ1NALHP,RCFY4821STANMC,R962V0705A21M4SCAP,215232169,42000 BTU,14.3,,Yes - Furn w/Econet,No
RUUD,RA14AY42AJ1NALHP,RCFY4821STANMC,R962V0855A21M4SCAP,215232296,42000 BTU,14.3,,Yes - Furn w/Econet,No
RUUD,RA14AY42AJ1NALHP,RCFY4821STANMC,R962V1005A21M4SCAP,215232209,42000 BTU,14.3,,Yes - Furn w/Econet,No
RUUD,RA14AY42AJ1NALHP,RCFY4824STANMC,R962V1155A24M4SCAP,215232235,42000 BTU,15.2,,Yes - Furn w/Econet,No
RUUD,RA14AY48AJ1NALHP,RCFY4821STANMC,R962V0855A21M4SCAP,217106275,48000 BTU,13.8,,Yes - Furn w/Econet,No
RUUD,RA14AY48AJ1NALHP,RCFY4824STANMC,R962V1155A24M4SCAP,215359075,48000 BTU,13.8,,Yes - Furn w/Econet,No
RUUD,RA14AY60AJ1NALHP,RCFY6024STANMC,R962V1005A21M4SCAP,215232551,60000 BTU,13.8,,Yes - Furn w/Econet,No
RUUD,RA14AY60AJ1NALHP,RCFY6024STANMC,R962V1155A24M4SCAP,215232547,60000 BTU,13.8,,Yes - Furn w/Econet,No
RUUD,RA15AY18AJ1NALHP,RCFY2417STANMC,R962V0403A17M4SCAP,215259946,18000 BTU,15.2,,Yes,No
RUUD,RA15AY18AJ1NALHP,RCFY2417STANMC,R962V0603A17M4SCAP,215259867,18000 BTU,15.2,,Yes,No
RUUD,RA15AY18AJ1NALHP,RCFY2417STANMC,R962V0703A17M4SCAP,215259877,18000 BTU,15.2,,Yes,No
RUUD,RA15AY24AJ1NALHP,RCFY2417STANMC,R962V0403A17M4SCAP,216721078,24000 BTU,15.2,,Yes,No
RUUD,RA15AY24AJ1NALHP,RCFY2417STANMC,R962V0603A17M4SCAP,216721074,24000 BTU,15.2,,Yes,No
RUUD,RA15AY24AJ1NALHP,RCFY2417STANMC,R962V0703A17M4SCAP,216721079,24000 BTU,15.2,,Yes,No
RUUD,RA15AY30AJ1NALHP,RCFY3617STANMC,R962V0403A17M4SCAP,216721226,30000 BTU,14.3,,Yes,No
RUUD,RA15AY30AJ1NALHP,RCFY3617STANMC,R962V0603A17M4SCAP,215265176,30000 BTU,14.3,,Yes,No
RUUD,RA15AY30AJ1NALHP,RCFY3617STANMC,R962V0703A17M4SCAP,215265454,30000 BTU,14.3,,Yes,No
RUUD,RA15AY30AJ1NALHP,RCFY3621STANMC,R962V0705A21M4SCAP,215265480,30000 BTU,15.2,,Yes,No
RUUD,RA15AY30AJ1NALHP,RCFY3621STANMC,R962V0855A21M4SCAP,215265171,30000 BTU,15.2,,Yes,No
RUUD,RA15AY30AJ1NALHP,RCFY3621STANMC,R962V1005A21M4SCAP,215265497,30000 BTU,15.2,,Yes,No
RUUD,RA15AY36AJ1NALHP,RCFY3617STANMC,R962V0403A17M4SCAP,216721162,36000 BTU,14.3,,Yes,No
RUUD,RA15AY36AJ1NALHP,RCFY3617STANMC,R962V0603A17M4SCAP,216721163,36000 BTU,14.3,,Yes,No
RUUD,RA15AY36AJ1NALHP,RCFY3617STANMC,R962V0703A17M4SCAP,216721091,36000 BTU,15.2,,Yes,No
RUUD,RA15AY36AJ1NALHP,RCFY3621STANMC,R962V0705A21M4SCAP,216721083,36000 BTU,15.2,,Yes,No
RUUD,RA15AY36AJ1NALHP,RCFY3621STANMC,R962V0855A21M4SCAP,216721098,36000 BTU,15.2,,Yes,No
RUUD,RA15AY36AJ1NALHP,RCFY3621STANMC,R962V1005A21M4SCAP,216721082,36000 BTU,15.2,,Yes,No
RUUD,RA15AY42AJ1NALHP,RCFY4821STANMC,R962V0855A21M4SCAP,216721106,42000 BTU,14.3,,Yes,No
RUUD,RA15AY42AJ1NALHP,RCFY4821STANMC,R962V1005A21M4SCAP,216721109,42000 BTU,14.3,,Yes,No
RUUD,RA15AY48AJ1NALHP,RCFY4821STANMC,R962V0855A21M4SCAP,217106247,48000 BTU,13.8,,Yes,No
RUUD,RA15AY48AJ1NALHP,RCFY4824STANMC,R962V1155A24M4SCAP,216721318,48000 BTU,13.8,,Yes,No
RUUD,RA15AY60AJ1NALHP,RCFY6024STANMC,R962V1005A21M4SCAP,216721328,60000 BTU,13.8,,Yes,No
RUUD,RA15AY60AJ1NALHP,RCFY6024STANMC,R962V1155A24M4SCAP,216645467,60000 BTU,13.8,,Yes,No
RUUD,UA19AY24AJVCA,RCFY2417STANMC,R962V0603A17M4SCAP,216721355,24000 BTU,18,,Yes,Yes - AC
RUUD,UA19AY24AJVCA,RCFY2417STANMC,R962V0703A17M4SCAP,216721352,24000 BTU,18,,Yes,Yes - AC
RUUD,UA19AY36AJVCA,RCFY3617STANMC,R962V0403A17M4SCAP,216705181,36000 BTU,19,,Yes,No
RUUD,UA19AY36AJVCA,RCFY3617STANMC,R962V0603A17M4SCAP,216705189,36000 BTU,19,,Yes,No
RUUD,UA19AY36AJVCA,RCFY3617STANMC,R962V0703A17M4SCAP,216705187,36000 BTU,19,,Yes,No
RUUD,UA19AY36AJVCA,RCFY3621MTANMC,R962V0403A17M4SCAP,216705222,36000 BTU,20,,Yes,Yes - AC
RUUD,UA19AY36AJVCA,RCFY3621MTANMC,R962V0603A17M4SCAP,216705227,36000 BTU,20,,Yes,No
RUUD,UA19AY36AJVCA,RCFY3621MTANMC,R962V0703A17M4SCAP,216705229,36000 BTU,20,,Yes,Yes - AC
RUUD,UA19AY36AJVCA,RCFY3621MTANMC,R962V0855A21M4SCAP,216705223,36000 BTU,19,,Yes,Yes - AC
RUUD,UA19AY36AJVCA,RCFY3621STANMC,R962V0403A17M4SCAP,216705253,36000 BTU,19,,Yes,No
RUUD,UA19AY36AJVCA,RCFY3621STANMC,R962V0603A17M4SCAP,216705255,36000 BTU,19,,Yes,No
RUUD,UA19AY36AJVCA,RCFY3621STANMC,R962V0703A17M4SCAP,216705258,36000 BTU,19,,Yes,No
RUUD,UA19AY36AJVCA,RCFY3621STANMC,R962V0855A21M4SCAP,216705256,36000 BTU,18,,Yes,No
RUUD,UA19AY48AJVCA,RCFY4821STANMC,R962V0705A21M4SCAP,216705274,48000 BTU,18,,Yes,No
RUUD,UA19AY48AJVCA,RCFY4821STANMC,R962V0855A21M4SCAP,216705290,48000 BTU,18,,Yes,No
RUUD,UA19AY48AJVCA,RCFY4821STANMC,R962V1005A21M4SCAP,216705291,48000 BTU,18,,Yes,No
RUUD,UA19AY48AJVCA,RCFY4824MTANMC,R962V1155A24M4SCAP,216705305,48000 BTU,20,,Yes,Yes - AC
RUUD,UA19AY60AJVCA,RCFY6024STANMC,R962V0705A21M4SCAP,216705335,60000 BTU,17,,Yes,No
RUUD,UA19AY60AJVCA,RCFY6024STANMC,R962V0855A21M4SCAP,216705318,60000 BTU,17,,Yes,No
RUUD,UA19AY60AJVCA,RCFY6024STANMC,R962V1005A21M4SCAP,216705310,60000 BTU,17,,Yes,No
RUUD,UA19AY60AJVCA,RCFY6024STANMC,R962V1155A24M4SCAP,216705329,60000 BTU,17,,Yes,No
RUUD,UA19AY24AJVCA,RCFY2417STANMC,U98MV0603A17UPSGAP,216721340,24000 BTU,18,,Yes,Yes
RUUD,UA19AY24AJVCA,RCFY2417STANMC,U98MV0703A17UPSGAP,216705154,24000 BTU,18,,Yes,Yes
RUUD,UA19AY36AJVCA,RCFY3617STANMC,U98MV0603A17UPSGAP,216705180,36000 BTU,19,,Yes,Yes -Furn
RUUD,UA19AY36AJVCA,RCFY3617STANMC,U98MV0703A17UPSGAP,216705183,36000 BTU,19,,Yes,Yes -Furn
RUUD,UA19AY36AJVCA,RCFY3621MTANMC,U98MV0855A21UPSGAP,216705225,36000 BTU,20,,Yes,Yes
RUUD,UA19AY36AJVCA,RCFY3621MTANMC,U98MV1005A21UPSGAP,216705221,36000 BTU,20,,Yes,Yes
RUUD,UA19AY36AJVCA,RCFY3621STANMC,U98MV0855A21UPSGAP,216705240,36000 BTU,19,,Yes,Yes -Furn
RUUD,UA19AY36AJVCA,RCFY3621STANMC,U98MV1005A21UPSGAP,216705252,36000 BTU,19,,Yes,Yes -Furn
RUUD,UA19AY36AJVCA,RCFY3624MTANMC,U98MV1155A24UPSGAP,216705245,36000 BTU,20,,Yes,Yes
RUUD,UA19AY48AJVCA,RCFY4821STANMC,U98MV0855A21UPSGAP,216705303,48000 BTU,19,,Yes,Yes -Furn
RUUD,UA19AY48AJVCA,RCFY4821STANMC,U98MV1005A21UPSGAP,216705271,48000 BTU,19,,Yes,Yes -Furn
RUUD,UA19AY48AJVCA,RCFY4824MTANMC,U98MV0855A21UPSGAP,216705269,48000 BTU,20,,Yes,Yes
RUUD,UA19AY48AJVCA,RCFY4824MTANMC,U98MV1155A24UPSGAP,216705276,48000 BTU,20,,Yes,Yes
RUUD,UA19AY48AJVCA,RCFY4824STANMC,U98MV0855A21UPSGAP,216705281,48000 BTU,19,,Yes,Yes -Furn
RUUD,UA19AY48AJVCA,RCFY4824STANMC,U98MV1005A21UPSGAP,216705288,48000 BTU,19,,Yes,Yes -Furn
RUUD,UA19AY48AJVCA,RCFY4824STANMC,U98MV1155A24UPSGAP,216705298,48000 BTU,19,,Yes,Yes -Furn
RUUD,UA19AY60AJVCA,RCFY6021STAAMC,U98MV0855A21UPSGAP,216050899,60000 BTU,17,,Yes,Yes -Furn
RUUD,UA19AY60AJVCA,RCFY6021STAAMC,U98MV1005A21UPSGAP,216050877,60000 BTU,17,,Yes,Yes -Furn
RUUD,UA19AY60AJVCA,RCFY6024STANMC,U98MV1155A24UPSGAP,216705330,60000 BTU,17,,Yes,Yes -Furn
Friedrich,FRA13NY18AJ1N,TCFY2417STANM,FR962V0403A17M4,214785006,18000 BTU,13.4,,Yes - Furn w/Econet,No
Friedrich,FRA13NY18AJ1N,TCFY2417STANM,FR962V0603A17M4,214785009,18000 BTU,13.4,,Yes - Furn w/Econet,No
Friedrich,FRA13NY18AJ1N,TCFY2417STANM,FR962V0703A17M4,214785008,18000 BTU,13.4,,Yes - Furn w/Econet,No
Friedrich,FRA13NY24AJ1N,TCFY2417STANM,FR962V0403A17M4,214793165,24000 BTU,13.4,,Yes - Furn w/Econet,No
Friedrich,FRA13NY24AJ1N,TCFY2417STANM,FR962V0603A17M4,214793196,24000 BTU,13.4,,Yes - Furn w/Econet,No
Friedrich,FRA13NY24AJ1N,TCFY2417STANM,FR962V0703A17M4,214793145,24000 BTU,13.4,,Yes - Furn w/Econet,No
Friedrich,FRA13NY30AJ1N,TCFY3617STANM,FR962V0403A17M4,214786593,30000 BTU,13.4,,Yes - Furn w/Econet,No
Friedrich,FRA13NY30AJ1N,TCFY3617STANM,FR962V0603A17M4,214786840,30000 BTU,13.4,,Yes - Furn w/Econet,No
Friedrich,FRA13NY30AJ1N,TCFY3617STANM,FR962V0703A17M4,214786267,30000 BTU,13.4,,Yes - Furn w/Econet,No
Friedrich,FRA13NY30AJ1N,TCFY3621STANM,FR962V0705A21M4,214786892,30000 BTU,13.4,,Yes - Furn w/Econet,No
Friedrich,FRA13NY30AJ1N,TCFY3621STANM,FR962V0855A21M4,214786600,30000 BTU,13.4,,Yes - Furn w/Econet,No
Friedrich,FRA13NY30AJ1N,TCFY3621STANM,FR962V1005A21M4,214786475,30000 BTU,13.4,,Yes - Furn w/Econet,No
Friedrich,FRA13NY36AJ1N,TCFY3617STANM,FR962V0403A17M4,216711389,36000 BTU,13.4,,Yes - Furn w/Econet,No
Friedrich,FRA13NY36AJ1N,TCFY3617STANM,FR962V0603A17M4,214793484,36000 BTU,13.4,,Yes - Furn w/Econet,No
Friedrich,FRA13NY36AJ1N,TCFY3617STANM,FR962V0703A17M4,214793682,36000 BTU,13.4,,Yes - Furn w/Econet,No
Friedrich,FRA13NY36AJ1N,TCFY3621STANM,FR962V0705A21M4,214793416,36000 BTU,13.4,,Yes - Furn w/Econet,No
Friedrich,FRA13NY36AJ1N,TCFY3621STANM,FR962V0855A21M4,214793480,36000 BTU,13.4,,Yes - Furn w/Econet,No
Friedrich,FRA13NY36AJ1N,TCFY3621STANM,FR962V1005A21M4,214793560,36000 BTU,13.4,,Yes - Furn w/Econet,No
Friedrich,FRA13NY36AJ1N,TCFY3624MTANM,FR962V1155A24M4,214793355,36000 BTU,15.2,,Yes - Furn w/Econet,No
Friedrich,FRA13NY42AJ1N,TCFY4821STANM,FR962V0705A21M4,214795067,42000 BTU,13.4,,Yes - Furn w/Econet,No
Friedrich,FRA13NY42AJ1N,TCFY4821STANM,FR962V0855A21M4,214795100,42000 BTU,13.4,,Yes - Furn w/Econet,No
Friedrich,FRA13NY42AJ1N,TCFY4821STANM,FR962V1005A21M4,214795070,42000 BTU,13.4,,Yes - Furn w/Econet,No
Friedrich,FRA13NY42AJ1N,TCFY4824STANM,FR962V1155A24M4,214795836,42000 BTU,13.4,,Yes - Furn w/Econet,No
Friedrich,FRA13NY48AJ1N,TCFY4821STANM,FR962V0705A21M4,214788546,48000 BTU,13.4,,Yes - Furn w/Econet,No
Friedrich,FRA13NY48AJ1N,TCFY4821STANM,FR962V0855A21M4,214788627,48000 BTU,13.4,,Yes - Furn w/Econet,No
Friedrich,FRA13NY48AJ1N,TCFY4821STANM,FR962V1005A21M4,214788960,48000 BTU,13.4,,Yes - Furn w/Econet,No
Friedrich,FRA13NY48AJ1N,TCFY4824STANM,FR962V1155A24M4,214788755,48000 BTU,13.4,,Yes - Furn w/Econet,No
Friedrich,FRA13NY60AJ1N,TCFY6024STANM,FR962V1005A21M4,214787865,60000 BTU,13.4,,Yes - Furn w/Econet,No
Friedrich,FRA13NY60AJ1N,TCFY6024STANM,FR962V1155A24M4,214787866,60000 BTU,13.4,,Yes - Furn w/Econet,No
Friedrich,FRA14AY18AJ1N,TCFY2417STANM,FR962V0403A17M4,215226600,18000 BTU,14.8,,Yes - Furn w/Econet,No
Friedrich,FRA14AY18AJ1N,TCFY2417STANM,FR962V0603A17M4,215226384,18000 BTU,14.8,,Yes - Furn w/Econet,No
Friedrich,FRA14AY18AJ1N,TCFY2417STANM,FR962V0703A17M4,215226705,18000 BTU,14.8,,Yes - Furn w/Econet,No
Friedrich,FRA14AY24BJ1N,TCFY2417STANM,FR962V0403A17M4,216376164,24000 BTU,14.8,,Yes - Furn w/Econet,No
Friedrich,FRA14AY24BJ1N,TCFY2417STANM,FR962V0603A17M4,216376168,24000 BTU,14.3,,Yes - Furn w/Econet,No
Friedrich,FRA14AY24BJ1N,TCFY2417STANM,FR962V0703A17M4,216376214,24000 BTU,14.8,,Yes - Furn w/Econet,No
Friedrich,FRA14AY30AJ1N,TCFY3617STANM,FR962V0403A17M4,215228794,30000 BTU,14.3,,Yes - Furn w/Econet,No
Friedrich,FRA14AY30AJ1N,TCFY3617STANM,FR962V0603A17M4,215228761,30000 BTU,14.3,,Yes - Furn w/Econet,No
Friedrich,FRA14AY30AJ1N,TCFY3617STANM,FR962V0703A17M4,215229007,30000 BTU,14.3,,Yes - Furn w/Econet,No
Friedrich,FRA14AY30AJ1N,TCFY3621STANM,FR962V0705A21M4,216545405,30000 BTU,14.8,,Yes - Furn w/Econet,No
Friedrich,FRA14AY30AJ1N,TCFY3621STANM,FR962V0855A21M4,216545388,30000 BTU,14.3,,Yes - Furn w/Econet,No
Friedrich,FRA14AY30AJ1N,TCFY3621STANM,FR962V1005A21M4,216545400,30000 BTU,14.8,,Yes - Furn w/Econet,No
Friedrich,FRA14AY36AJ1N,TCFY3617STANM,FR962V0403A17M4,215231314,36000 BTU,14.3,,Yes - Furn w/Econet,No
Friedrich,FRA14AY36AJ1N,TCFY3617STANM,FR962V0603A17M4,215231420,36000 BTU,14.8,,Yes - Furn w/Econet,No
Friedrich,FRA14AY36AJ1N,TCFY3617STANM,FR962V0703A17M4,215231407,36000 BTU,15.2,,Yes - Furn w/Econet,No
Friedrich,FRA14AY36AJ1N,TCFY3621STANM,FR962V0705A21M4,216546221,36000 BTU,14.8,,Yes - Furn w/Econet,No
Friedrich,FRA14AY36AJ1N,TCFY3621STANM,FR962V1005A21M4,216716125,36000 BTU,14.8,,Yes - Furn w/Econet,No
Friedrich,FRA14AY36AJ1N,TCFY3624MTANM,FR962V1155A24M4,216716130,36000 BTU,16,,Yes - Furn w/Econet,No
Friedrich,FRA14AY42AJ1N,TCFY4821STANM,FR962V0705A21M4,215232266,42000 BTU,14.3,,Yes - Furn w/Econet,No
Friedrich,FRA14AY42AJ1N,TCFY4821STANM,FR962V0855A21M4,215232177,42000 BTU,14.3,,Yes - Furn w/Econet,No
Friedrich,FRA14AY42AJ1N,TCFY4821STANM,FR962V1005A21M4,215232282,42000 BTU,14.3,,Yes - Furn w/Econet,No
Friedrich,FRA14AY42AJ1N,TCFY4824STANM,FR962V1155A24M4,215232236,42000 BTU,15.2,,Yes - Furn w/Econet,No
Friedrich,FRA14AY48AJ1N,TCFY4824STANM,FR962V1155A24M4,215359061,48000 BTU,13.8,,Yes - Furn w/Econet,No
Friedrich,FRA14AY60AJ1N,TCFY6024STANM,FR962V1005A21M4,215232540,60000 BTU,13.8,,Yes - Furn w/Econet,No
Friedrich,FRA14AY60AJ1N,TCFY6024STANM,FR962V1155A24M4,215232548,60000 BTU,13.8,,Yes - Furn w/Econet,No
Friedrich,FRA15AY24AJ1N,TCFY2417STANM,FR962V0403A17M4,215259759,24000 BTU,15.2,,Yes ,No
Friedrich,FRA15AY24AJ1N,TCFY2417STANM,FR962V0603A17M4,215259826,24000 BTU,15.2,,Yes ,No
Friedrich,FRA15AY24AJ1N,TCFY2417STANM,FR962V0703A17M4,215259854,24000 BTU,15.2,,Yes ,No
Friedrich,FRA15AY30AJ1N,TCFY3617STANM,FR962V0403A17M4,216711421,30000 BTU,14.3,,Yes ,No
Friedrich,FRA15AY30AJ1N,TCFY3617STANM,FR962V0603A17M4,215265525,30000 BTU,14.3,,Yes ,No
Friedrich,FRA15AY30AJ1N,TCFY3617STANM,FR962V0703A17M4,215265222,30000 BTU,14.3,,Yes ,No
Friedrich,FRA15AY30AJ1N,TCFY3621STANM,FR962V0705A21M4,216555309,30000 BTU,15.2,,Yes ,No
Friedrich,FRA15AY30AJ1N,TCFY3621STANM,FR962V0855A21M4,216555305,30000 BTU,15.2,,Yes ,No
Friedrich,FRA15AY30AJ1N,TCFY3621STANM,FR962V1005A21M4,216555308,30000 BTU,15.2,,Yes ,No
Friedrich,FRA15AY36AJ1N,TCFY3617STANM,FR962V0403A17M4,215358377,36000 BTU,14.3,,Yes ,No
Friedrich,FRA15AY36AJ1N,TCFY3617STANM,FR962V0603A17M4,215358376,36000 BTU,14.3,,Yes ,No
Friedrich,FRA15AY36AJ1N,TCFY3617STANM,FR962V0703A17M4,215260786,36000 BTU,15.2,,Yes ,No
Friedrich,FRA15AY36AJ1N,TCFY3621STANM,FR962V0705A21M4,216555949,36000 BTU,15.2,,Yes ,No
Friedrich,FRA15AY36AJ1N,TCFY3621STANM,FR962V0855A21M4,216555951,36000 BTU,15.2,,Yes ,No
Friedrich,FRA15AY36AJ1N,TCFY3621STANM,FR962V1005A21M4,216555948,36000 BTU,15.2,,Yes ,No
Friedrich,FRA15AY42AJ1N,TCFY4821STANM,FR962V0705A21M4,215262313,42000 BTU,14.3,,Yes ,No
Friedrich,FRA15AY42AJ1N,TCFY4821STANM,FR962V0855A21M4,215262335,42000 BTU,14.3,,Yes ,No
Friedrich,FRA15AY42AJ1N,TCFY4821STANM,FR962V1005A21M4,215262395,42000 BTU,14.3,,Yes ,No
Friedrich,FRA15AY42AJ1N,TCFY4824MTANM,FR962V1155A24M4,215262376,42000 BTU,16,,Yes ,No
Friedrich,FRA15AY42AJ1N,TCFY4824STANM,FR962V0705A21M4,215262386,42000 BTU,14.3,,Yes ,No
Friedrich,FRA15AY42AJ1N,TCFY4824STANM,FR962V0855A21M4,215262329,42000 BTU,14.3,,Yes ,No
Friedrich,FRA15AY42AJ1N,TCFY4824STANM,FR962V1005A21M4,215262374,42000 BTU,14.3,,Yes ,No
Friedrich,FRA15AY48AJ1N,TCFY4824STANM,FR962V1155A24M4,216716261,48000 BTU,13.8,,Yes ,No
Friedrich,FRA15AY60AJ1N,TCFY6024STANM,FR962V1005A21M4,216716290,60000 BTU,13.8,,Yes ,No
Friedrich,FRA15AY60AJ1N,TCFY6024STANM,FR962V1155A24M4,216711487,60000 BTU,13.8,,Yes ,No
Friedrich,FRA19AY24AJVC,TCFY2417STANM,FR962V0603A17M4,216716354,24000 BTU,18,,Yes,Yes - AC
Friedrich,FRA19AY24AJVC,TCFY2417STANM,FR962V0703A17M4,216716350,24000 BTU,18,,Yes,Yes - AC
Friedrich,FRA19AY36AJVC,TCFY3617STANM,FR962V0403A17M4,216716421,36000 BTU,19,,Yes,No
Friedrich,FRA19AY36AJVC,TCFY3617STANM,FR962V0603A17M4,216716430,36000 BTU,19,,Yes,No
Friedrich,FRA19AY36AJVC,TCFY3617STANM,FR962V0703A17M4,216716425,36000 BTU,19,,Yes,No
Friedrich,FRA19AY36AJVC,TCFY3621MTANM,FR962V0403A17M4,216716466,36000 BTU,20,,Yes,Yes - AC
Friedrich,FRA19AY36AJVC,TCFY3621MTANM,FR962V0603A17M4,216716463,36000 BTU,20,,Yes,No
Friedrich,FRA19AY36AJVC,TCFY3621MTANM,FR962V0703A17M4,216716469,36000 BTU,20,,Yes,Yes - AC
Friedrich,FRA19AY36AJVC,TCFY3621MTANM,FR962V0855A21M4,216716472,36000 BTU,19,,Yes,Yes - AC
Friedrich,FRA19AY36AJVC,TCFY3621STANM,FR962V0855A21M4,216716493,36000 BTU,18,,Yes,No
Friedrich,FRA19AY48AJVC,TCFY4821STANM,FR962V0705A21M4,216716512,48000 BTU,18,,Yes,No
Friedrich,FRA19AY48AJVC,TCFY4821STANM,FR962V0855A21M4,216716544,48000 BTU,18,,Yes,No
Friedrich,FRA19AY48AJVC,TCFY4821STANM,FR962V1005A21M4,216716547,48000 BTU,18,,Yes,No
Friedrich,FRA19AY48AJVC,TCFY4824MTANM,FR962V0705A21M4,216716528,48000 BTU,19,,Yes,Yes - AC
Friedrich,FRA19AY48AJVC,TCFY4824MTANM,FR962V0855A21M4,216716538,48000 BTU,19,,Yes,No
Friedrich,FRA19AY48AJVC,TCFY4824MTANM,FR962V1005A21M4,216716509,48000 BTU,19,,Yes,Yes - AC
Friedrich,FRA19AY48AJVC,TCFY4824MTANM,FR962V1155A24M4,216716540,48000 BTU,20,,Yes,Yes - AC
Friedrich,FRA19AY48AJVC,TCFY4824STANM,FR962V1155A24M4,216716519,48000 BTU,19,,Yes,No
Friedrich,FRA19AY60AJVC,TCFY6021STAAM,FR962V0705A21M4,216050663,60000 BTU,16,,Yes,No
Friedrich,FRA19AY60AJVC,TCFY6021STAAM,FR962V0855A21M4,216050659,60000 BTU,16,,Yes,No
Friedrich,FRA19AY60AJVC,TCFY6021STAAM,FR962V1005A21M4,216050680,60000 BTU,16,,Yes,No
Friedrich,FRA19AY60AJVC,TCFY6024STANM,FR962V1155A24M4,216716566,60000 BTU,17,,Yes,No
Friedrich,FRA19AY24AJVC,TCFY2417STANM,FR98MV0603A17UP,216716325,24000 BTU,18,,Yes,Yes
Friedrich,FRA19AY24AJVC,TCFY2417STANM,FR98MV0703A17UP,216716398,24000 BTU,18,,Yes,Yes
Friedrich,FRA19AY36AJVC,TCFY3617STANM,FR98MV0603A17UP,216716423,36000 BTU,19,,Yes,Yes - Furn
Friedrich,FRA19AY36AJVC,TCFY3617STANM,FR98MV0703A17UP,216716428,36000 BTU,19,,Yes,Yes - Furn
Friedrich,FRA19AY36AJVC,TCFY3621MTANM,FR98MV0855A21UP,216716473,36000 BTU,20,,Yes,Yes
Friedrich,FRA19AY36AJVC,TCFY3621MTANM,FR98MV1005A21UP,216716462,36000 BTU,20,,Yes,Yes
Friedrich,FRA19AY36AJVC,TCFY3621STANM,FR98MV1005A21UP,216716479,36000 BTU,19,,Yes,Yes - Furn
Friedrich,FRA19AY36AJVC,TCFY3624MTANM,FR98MV0855A21UP,216716480,36000 BTU,20,,Yes,Yes
Friedrich,FRA19AY36AJVC,TCFY3624MTANM,FR98MV1005A21UP,216716484,36000 BTU,20,,Yes,Yes
Friedrich,FRA19AY48AJVC,TCFY4821STANM,FR98MV0855A21UP,216716541,48000 BTU,19,,Yes,Yes - Furn
Friedrich,FRA19AY48AJVC,TCFY4821STANM,FR98MV1005A21UP,216716520,48000 BTU,19,,Yes,Yes - Furn
Friedrich,FRA19AY48AJVC,TCFY4824MTANM,FR98MV0855A21UP,216716513,48000 BTU,20,,Yes,Yes
Friedrich,FRA19AY48AJVC,TCFY4824MTANM,FR98MV1155A24UP,216716517,48000 BTU,20,,Yes,Yes
Friedrich,FRA19AY48AJVC,TCFY4824STANM,FR98MV1155A24UP,216716536,48000 BTU,19,,Yes,Yes - Furn
Friedrich,FRA19AY60AJVC,TCFY6021STAAM,FR98MV0855A21UP,216050689,60000 BTU,17,,Yes,Yes - Furn
Friedrich,FRA19AY60AJVC,TCFY6021STAAM,FR98MV1005A21UP,216050685,60000 BTU,17,,Yes,Yes - Furn
Friedrich,FRA19AY60AJVC,TCFY6024STANM,FR98MV1155A24UP,216716580,60000 BTU,17,,Yes,Yes - Furn
